timestamp,person_uri,label_clean,search_query,method_id,threshold,accepted,chosen_qid,chosen_label,chosen_description,score,score_reasons,error
2026-05-29T13:51:21.120804+00:00,http://example.org/ontology#adam_jaworski_syn_marcina,Adam Jaworski,Adam Jaworski,heuristic_rules,50.0,False,Q100153254,Adam Jaworski,[occupation:Schauspieler; Theaterdirektor] [dates:1875-1879] [archive:Polskie Archiwum Biograficzne],22.8,Pozycja w wynikach wyszukiwania: 2 | P31: człowiek (Q5),
2026-05-29T13:51:23.390097+00:00,http://example.org/ontology#adam_jaworski_syn_marcina,Adam Jaworski,Adam Jaworski,fuzzy_rerank,50.0,False,Q100153255,Adam Jaworski,,24.0,Pozycja w wynikach wyszukiwania: 1 | P31: człowiek (Q5),
2026-05-29T13:51:25.508202+00:00,http://example.org/ontology#adam_jaworski_syn_marcina,Adam Jaworski,Adam Jaworski,phonetic_rerank,50.0,False,Q100153255,Adam Jaworski,,24.0,Pozycja w wynikach wyszukiwania: 1 | P31: człowiek (Q5),
2026-05-29T13:51:27.193782+00:00,http://example.org/ontology#adam_marcinowski_syn_wojciecha,Adam Marcinowski,Adam Marcinowski,heuristic_rules,50.0,False,,,,,brak_kandydatow_po_filtrowaniu,
2026-05-29T13:51:28.466517+00:00,http://example.org/ontology#adam_marcinowski_syn_wojciecha,Adam Marcinowski,Adam Marcinowski,fuzzy_rerank,50.0,False,,,,,brak_kandydatow_po_filtrowaniu,
2026-05-29T13:51:29.762692+00:00,http://example.org/ontology#adam_marcinowski_syn_wojciecha,Adam Marcinowski,Adam Marcinowski,phonetic_rerank,50.0,False,,,,,brak_kandydatow_po_filtrowaniu,
2026-05-29T13:51:31.345463+00:00,http://example.org/ontology#adam_nowakiewicz_syn_jana,Adam Nowakiewicz,Adam Nowakiewicz,heuristic_rules,50.0,False,,,,,brak_kandydatow_po_filtrowaniu,
2026-05-29T13:51:32.586362+00:00,http://example.org/ontology#adam_nowakiewicz_syn_jana,Adam Nowakiewicz,Adam Nowakiewicz,fuzzy_rerank,50.0,False,,,,,brak_kandydatow_po_filtrowaniu,
2026-05-29T13:51:33.809763+00:00,http://example.org/ontology#adam_nowakiewicz_syn_jana,Adam Nowakiewicz,Adam Nowakiewicz,phonetic_rerank,50.0,False,,,,,brak_kandydatow_po_filtrowaniu,
2026-05-29T13:51:35.394043+00:00,http://example.org/ontology#adam_ojciec_antoni_kownacki,Adam Kownacki,Adam Kownacki,heuristic_rules,50.0,False,Q19745920,Adam Kownacki,American boxer,24.0,Pozycja w wynikach wyszukiwania: 1 | P31: człowiek (Q5),
2026-05-29T13:51:36.969042+00:00,http://example.org/ontology#adam_ojciec_antoni_kownacki,Adam Kownacki,Adam Kownacki,fuzzy_rerank,50.0,False,Q19745920,Adam Kownacki,American boxer,24.0,Pozycja w wynikach wyszukiwania: 1 | P31: człowiek (Q5),
2026-05-29T13:52:01.470062+00:00,http://example.org/ontology#adam_ojciec_antoni_kownacki,Adam Kownacki,Adam Kownacki,phonetic_rerank,50.0,False,Q19745920,Adam Kownacki,American boxer,24.0,Pozycja w wynikach wyszukiwania: 1 | P31: człowiek (Q5),
2026-05-29T13:52:03.156227+00:00,http://example.org/ontology#adam_ojciec_antoni_ochocki,Adam Ochocki,Adam Ochocki,heuristic_rules,50.0,False,Q9140084,Adam Ochocki,Polish writer and comedian (1913–1991),24.0,Pozycja w wynikach wyszukiwania: 1 | P31: człowiek (Q5),
2026-05-29T13:52:05.336136+00:00,http://example.org/ontology#adam_ojciec_antoni_ochocki,Adam Ochocki,Adam Ochocki,fuzzy_rerank,50.0,False,Q9140084,Adam Ochocki,Polish writer and comedian (1913–1991),24.0,Pozycja w wynikach wyszukiwania: 1 | P31: człowiek (Q5),
2026-05-29T13:52:06.646212+00:00,http://example.org/ontology#adam_ojciec_antoni_ochocki,Adam Ochocki,Adam Ochocki,phonetic_rerank,50.0,False,Q9140084,Adam Ochocki,Polish writer and comedian (1913–1991),24.0,Pozycja w wynikach wyszukiwania: 1 | P31: człowiek (Q5),
2026-05-29T13:52:08.353046+00:00,http://example.org/ontology#adam_ojciec_jan_wozniakowicz,Adam Woźniakowicz,Adam Woźniakowicz,heuristic_rules,50.0,False,,,,,brak_kandydatow_po_filtrowaniu,
2026-05-29T13:52:09.576106+00:00,http://example.org/ontology#adam_ojciec_jan_wozniakowicz,Adam Woźniakowicz,Adam Woźniakowicz,fuzzy_rerank,50.0,False,,,,,brak_kandydatow_po_filtrowaniu,
2026-05-29T13:52:10.823144+00:00,http://example.org/ontology#adam_ojciec_jan_wozniakowicz,Adam Woźniakowicz,Adam Woźniakowicz,phonetic_rerank,50.0,False,,,,,brak_kandydatow_po_filtrowaniu,
2026-05-29T13:52:12.456471+00:00,http://example.org/ontology#adam_ojciec_jozef_druszkowski,Adam Druszkowski,Adam Druszkowski,heuristic_rules,50.0,False,,,,,brak_kandydatow_po_filtrowaniu,
2026-05-29T13:52:13.744258+00:00,http://example.org/ontology#adam_ojciec_jozef_druszkowski,Adam Druszkowski,Adam Druszkowski,fuzzy_rerank,50.0,False,,,,,brak_kandydatow_po_filtrowaniu,
2026-05-29T13:52:15.054281+00:00,http://example.org/ontology#adam_ojciec_jozef_druszkowski,Adam Druszkowski,Adam Druszkowski,phonetic_rerank,50.0,False,,,,,brak_kandydatow_po_filtrowaniu,
2026-05-29T13:55:04.393176+00:00,http://example.org/ontology#adam_ojciec_kacper_barwacki,Adam Barwacki,Adam Barwacki,heuristic_rules,50.0,False,,,,,brak_kandydatow_po_filtrowaniu,
2026-05-29T13:55:05.643433+00:00,http://example.org/ontology#adam_ojciec_kacper_barwacki,Adam Barwacki,Adam Barwacki,fuzzy_rerank,50.0,False,,,,,brak_kandydatow_po_filtrowaniu,
2026-05-29T13:55:06.925167+00:00,http://example.org/ontology#adam_ojciec_kacper_barwacki,Adam Barwacki,Adam Barwacki,phonetic_rerank,50.0,False,,,,,brak_kandydatow_po_filtrowaniu,
2026-05-29T13:55:08.519176+00:00,http://example.org/ontology#adam_ojciec_maciej_chrostkiewicz,Adam Chrostkiewicz,Adam Chrostkiewicz,heuristic_rules,50.0,False,,,,,brak_kandydatow_po_filtrowaniu,
2026-05-29T13:55:09.769566+00:00,http://example.org/ontology#adam_ojciec_maciej_chrostkiewicz,Adam Chrostkiewicz,Adam Chrostkiewicz,fuzzy_rerank,50.0,False,,,,,brak_kandydatow_po_filtrowaniu,
2026-05-29T13:55:11.103538+00:00,http://example.org/ontology#adam_ojciec_maciej_chrostkiewicz,Adam Chrostkiewicz,Adam Chrostkiewicz,phonetic_rerank,50.0,False,,,,,brak_kandydatow_po_filtrowaniu,
2026-05-29T13:55:12.792833+00:00,http://example.org/ontology#adam_ojciec_maciej_szykulski,Adam Szykulski,Adam Szykulski,heuristic_rules,50.0,False,,,,,brak_kandydatow_po_filtrowaniu,
2026-05-29T13:55:14.151078+00:00,http://example.org/ontology#adam_ojciec_maciej_szykulski,Adam Szykulski,Adam Szykulski,fuzzy_rerank,50.0,False,,,,,brak_kandydatow_po_filtrowaniu,
2026-05-29T13:55:15.419246+00:00,http://example.org/ontology#adam_ojciec_maciej_szykulski,Adam Szykulski,Adam Szykulski,phonetic_rerank,50.0,False,,,,,brak_kandydatow_po_filtrowaniu,
2026-05-29T13:55:18.128535+00:00,http://example.org/ontology#adam_ojciec_maciej_zwolski,Adam Zwolski,Adam Zwolski,heuristic_rules,50.0,False,,,,,brak_kandydatow_po_filtrowaniu,
2026-05-29T13:56:01.534481+00:00,http://example.org/ontology#adam_ojciec_maciej_zwolski,Adam Zwolski,Adam Zwolski,fuzzy_rerank,50.0,False,,,,,brak_kandydatow_po_filtrowaniu,
2026-05-29T13:56:02.796664+00:00,http://example.org/ontology#adam_ojciec_maciej_zwolski,Adam Zwolski,Adam Zwolski,phonetic_rerank,50.0,False,,,,,brak_kandydatow_po_filtrowaniu,
2026-05-29T13:56:04.413061+00:00,http://example.org/ontology#adam_ojciec_piotr_białkowski,Adam Białkowski,Adam Białkowski,heuristic_rules,50.0,False,Q123257542,Adam Białkowski,,24.0,Pozycja w wynikach wyszukiwania: 1 | P31: człowiek (Q5),
2026-05-29T13:56:06.562413+00:00,http://example.org/ontology#adam_ojciec_piotr_białkowski,Adam Białkowski,Adam Białkowski,fuzzy_rerank,50.0,False,Q123257542,Adam Białkowski,,24.0,Pozycja w wynikach wyszukiwania: 1 | P31: człowiek (Q5),
2026-05-29T13:56:07.888702+00:00,http://example.org/ontology#adam_ojciec_piotr_białkowski,Adam Białkowski,Adam Białkowski,phonetic_rerank,50.0,False,Q123257542,Adam Białkowski,,24.0,Pozycja w wynikach wyszukiwania: 1 | P31: człowiek (Q5),
2026-05-29T13:56:09.597978+00:00,http://example.org/ontology#adam_ojciec_sebastian_bociankiewicz,Adam Bociankiewicz,Adam Bociankiewicz,heuristic_rules,50.0,False,,,,,brak_kandydatow_po_filtrowaniu,
2026-05-29T13:56:10.866911+00:00,http://example.org/ontology#adam_ojciec_sebastian_bociankiewicz,Adam Bociankiewicz,Adam Bociankiewicz,fuzzy_rerank,50.0,False,,,,,brak_kandydatow_po_filtrowaniu,
2026-05-29T13:56:12.160917+00:00,http://example.org/ontology#adam_ojciec_sebastian_bociankiewicz,Adam Bociankiewicz,Adam Bociankiewicz,phonetic_rerank,50.0,False,,,,,brak_kandydatow_po_filtrowaniu,
2026-05-29T13:56:13.760948+00:00,http://example.org/ontology#adam_ojciec_stanisław_herka_syn_adama,Adam Herka,Adam Herka,heuristic_rules,50.0,False,,,,,brak_kandydatow_po_filtrowaniu,
2026-05-29T13:56:15.028814+00:00,http://example.org/ontology#adam_ojciec_stanisław_herka_syn_adama,Adam Herka,Adam Herka,fuzzy_rerank,50.0,False,,,,,brak_kandydatow_po_filtrowaniu,
2026-05-29T13:57:01.402151+00:00,http://example.org/ontology#adam_ojciec_stanisław_herka_syn_adama,Adam Herka,Adam Herka,phonetic_rerank,50.0,False,,,,,brak_kandydatow_po_filtrowaniu,
2026-05-29T13:57:03.062707+00:00,http://example.org/ontology#adam_ojciec_stanisław_kownacki,Adam Kownacki,Adam Kownacki,heuristic_rules,50.0,False,Q19745920,Adam Kownacki,American boxer,24.0,Pozycja w wynikach wyszukiwania: 1 | P31: człowiek (Q5),
2026-05-29T13:57:04.694292+00:00,http://example.org/ontology#adam_ojciec_stanisław_kownacki,Adam Kownacki,Adam Kownacki,fuzzy_rerank,50.0,False,Q19745920,Adam Kownacki,American boxer,24.0,Pozycja w wynikach wyszukiwania: 1 | P31: człowiek (Q5),
2026-05-29T13:57:06.123184+00:00,http://example.org/ontology#adam_ojciec_stanisław_kownacki,Adam Kownacki,Adam Kownacki,phonetic_rerank,50.0,False,Q19745920,Adam Kownacki,American boxer,24.0,Pozycja w wynikach wyszukiwania: 1 | P31: człowiek (Q5),
2026-05-29T13:57:07.850945+00:00,http://example.org/ontology#adam_ojciec_szymon_mezynskimezinski,Adam Mężyński/Męziński,Adam Mężyński/Męziński,heuristic_rules,50.0,False,,,,,brak_kandydatow_po_filtrowaniu,
2026-05-29T13:57:09.090661+00:00,http://example.org/ontology#adam_ojciec_szymon_mezynskimezinski,Adam Mężyński/Męziński,Adam Mężyński/Męziński,fuzzy_rerank,50.0,False,,,,,brak_kandydatow_po_filtrowaniu,
2026-05-29T13:57:10.312763+00:00,http://example.org/ontology#adam_ojciec_szymon_mezynskimezinski,Adam Mężyński/Męziński,Adam Mężyński/Męziński,phonetic_rerank,50.0,False,,,,,brak_kandydatow_po_filtrowaniu,
